,actor,actress,city,conversationid,critic_rating,date,date_real,description,distanceconstraints,genre,moviename,mpaa_rating,other,price,starttime,starttime_real,state,state_real,theater,theater_chain,video_format,zip
0,,,tulare,1be689ff-ab3c-4ae3-8969-b7d57098bffc,,saturday,2016-03-12,,,,10 cloverfield lane,,,,11:20am,11:20am,california,ca,regal visalia stadium 10,,,
1,,,tulare,1be689ff-ab3c-4ae3-8969-b7d57098bffc,,saturday,2016-03-12,,,,10 cloverfield lane,,,,2:00pm,2:00pm,california,ca,regal visalia stadium 10,,,
2,,,tulare,1be689ff-ab3c-4ae3-8969-b7d57098bffc,,saturday,2016-03-12,,,,10 cloverfield lane,,,,4:40pm,4:40pm,california,ca,regal visalia stadium 10,,,
3,,,tulare,1be689ff-ab3c-4ae3-8969-b7d57098bffc,,saturday,2016-03-12,,,,10 cloverfield lane,,,,7:20pm,7:20pm,california,ca,regal visalia stadium 10,,,
4,,,tulare,1be689ff-ab3c-4ae3-8969-b7d57098bffc,,saturday,2016-03-12,,,,10 cloverfield lane,,,,10:05pm,10:05pm,california,ca,regal visalia stadium 10,,,
5,,,portland,3b343e7b-ccd5-48bb-9376-facf12a5b51b,,saturday,2016-03-12,,,,10 cloverfield lane,,,,9:50pm,9:50pm,oregon,or,Regal Pioneer Place Stadium,,,
6,,,portland,3b343e7b-ccd5-48bb-9376-facf12a5b51b,,,,,,,10 cloverfield lane,,,,,,oregon,or,Regal Lloyd Center 10,,,
7,,,portland,3b343e7b-ccd5-48bb-9376-facf12a5b51b,,,,,,,10 cloverfield lane,,,,,,oregon,or,Bagdad Theatre,,,
8,,,los angeles,cc83cb76-8486-4e66-9312-fb298edad424,,tomorrow,2016-03-11,,,,10 cloverfield lane,,,,11:45am,11:45am,ca,ca,regal la live stadium 14,,,90015
9,,,los angeles,cc83cb76-8486-4e66-9312-fb298edad424,,tomorrow,2016-03-11,,,,10 cloverfield lane,,,,12:45pm,12:45pm,ca,ca,regal la live stadium 14,,,90015
10,,,los angeles,cc83cb76-8486-4e66-9312-fb298edad424,,tomorrow,2016-03-11,,,,10 cloverfield lane,,,,2:30pm,2:30pm,ca,ca,regal la live stadium 14,,,90015
11,,,los angeles,cc83cb76-8486-4e66-9312-fb298edad424,,tomorrow,2016-03-11,,,,10 cloverfield lane,,,,3:30pm,3:30pm,ca,ca,regal la live stadium 14,,,90015
12,,,los angeles,cc83cb76-8486-4e66-9312-fb298edad424,,tomorrow,2016-03-11,,,,10 cloverfield lane,,,,5:10pm,5:10pm,ca,ca,regal la live stadium 14,,,90015
13,,,los angeles,cc83cb76-8486-4e66-9312-fb298edad424,,tomorrow,2016-03-11,,,,10 cloverfield lane,,,,6:30pm,6:30pm,ca,ca,regal la live stadium 14,,,90015
14,,,los angeles,cc83cb76-8486-4e66-9312-fb298edad424,,tomorrow,2016-03-11,,,,10 cloverfield lane,,,,7:55pm,7:55pm,ca,ca,regal la live stadium 14,,,90015
15,,,los angeles,cc83cb76-8486-4e66-9312-fb298edad424,,tomorrow,2016-03-11,,,,10 cloverfield lane,,,,9:10pm,9:10pm,ca,ca,regal la live stadium 14,,,90015
16,,,los angeles,cc83cb76-8486-4e66-9312-fb298edad424,,tomorrow,2016-03-11,,,,10 cloverfield lane,,,,10:45pm,10:45pm,ca,ca,regal la live stadium 14,,,90015
17,,,los angeles,cc83cb76-8486-4e66-9312-fb298edad424,,tomorrow,2016-03-11,,,,10 cloverfield lane,,,,11:55pm,11:55pm,ca,ca,regal la live stadium 14,,,90015
18,,,los angeles,cc83cb76-8486-4e66-9312-fb298edad424,,tomorrow,2016-03-11,,,,10 cloverfield lane,,,,10:10am,10:10am,ca,ca,pacific theatres at the grove,,,90036
19,,,los angeles,cc83cb76-8486-4e66-9312-fb298edad424,,tomorrow,2016-03-11,,,,10 cloverfield lane,,,,11:00am,11:00am,ca,ca,pacific theatres at the grove,,,90036
20,,,los angeles,cc83cb76-8486-4e66-9312-fb298edad424,,tomorrow,2016-03-11,,,,10 cloverfield lane,,,,11:50am,11:50am,ca,ca,pacific theatres at the grove,,,90036
21,,,los angeles,cc83cb76-8486-4e66-9312-fb298edad424,,tomorrow,2016-03-11,,,,10 cloverfield lane,,,,12:30pm,12:30pm,ca,ca,pacific theatres at the grove,,,90036
22,,,los angeles,cc83cb76-8486-4e66-9312-fb298edad424,,tomorrow,2016-03-11,,,,10 cloverfield lane,,,,1:25pm,1:25pm,ca,ca,pacific theatres at the grove,,,90036
23,,,los angeles,cc83cb76-8486-4e66-9312-fb298edad424,,tomorrow,2016-03-11,,,,10 cloverfield lane,,,,2:20pm,2:20pm,ca,ca,pacific theatres at the grove,,,90036
24,,,los angeles,cc83cb76-8486-4e66-9312-fb298edad424,,tomorrow,2016-03-11,,,,10 cloverfield lane,,,,3:00pm,3:00pm,ca,ca,pacific theatres at the grove,,,90036
25,,,los angeles,cc83cb76-8486-4e66-9312-fb298edad424,,tomorrow,2016-03-11,,,,10 cloverfield lane,,,,3:50pm,3:50pm,ca,ca,pacific theatres at the grove,,,90036
26,,,los angeles,cc83cb76-8486-4e66-9312-fb298edad424,,tomorrow,2016-03-11,,,,10 cloverfield lane,,,,4:45pm,4:45pm,ca,ca,pacific theatres at the grove,,,90036
27,,,los angeles,cc83cb76-8486-4e66-9312-fb298edad424,,tomorrow,2016-03-11,,,,10 cloverfield lane,,,,5:25pm,5:25pm,ca,ca,pacific theatres at the grove,,,90036
28,,,los angeles,cc83cb76-8486-4e66-9312-fb298edad424,,tomorrow,2016-03-11,,,,10 cloverfield lane,,,,7:10pm,7:10pm,ca,ca,pacific theatres at the grove,,,90036
29,,,los angeles,cc83cb76-8486-4e66-9312-fb298edad424,,tomorrow,2016-03-11,,,,10 cloverfield lane,,,,7:55pm,7:55pm,ca,ca,pacific theatres at the grove,,,90036
30,,,los angeles,cc83cb76-8486-4e66-9312-fb298edad424,,tomorrow,2016-03-11,,,,10 cloverfield lane,,,,8:40pm,8:40pm,ca,ca,pacific theatres at the grove,,,90036
31,,,los angeles,cc83cb76-8486-4e66-9312-fb298edad424,,tomorrow,2016-03-11,,,,10 cloverfield lane,,,,9:35pm,9:35pm,ca,ca,pacific theatres at the grove,,,90036
32,,,los angeles,cc83cb76-8486-4e66-9312-fb298edad424,,tomorrow,2016-03-11,,,,10 cloverfield lane,,,,10:25pm,10:25pm,ca,ca,pacific theatres at the grove,,,90036
33,,,los angeles,cc83cb76-8486-4e66-9312-fb298edad424,,tomorrow,2016-03-11,,,,10 cloverfield lane,,,,11:10pm,11:10pm,ca,ca,pacific theatres at the grove,,,90036
34,,,los angeles,cc83cb76-8486-4e66-9312-fb298edad424,,tomorrow,2016-03-11,,,,10 cloverfield lane,,,,12:05am,12:05am,ca,ca,pacific theatres at the grove,,,90036
35,,,,ad8d559a-4d41-4d5c-b9f1-ff55472f0ccb,,,2016-03-11,,,,10 cloverfield lane,,matinee,8,1:50pm,1:50pm,,,Beaver Creek Stadium 12,,,
36,,,,ad8d559a-4d41-4d5c-b9f1-ff55472f0ccb,,,2016-03-11,,,,10 cloverfield lane,,,,4:30pm,4:30pm,,,Beaver Creek Stadium 12,,,
37,,,,ad8d559a-4d41-4d5c-b9f1-ff55472f0ccb,,,2016-03-11,,,,10 cloverfield lane,,,,7:10pm,7:10pm,,,Beaver Creek Stadium 12,,,
38,,,,ad8d559a-4d41-4d5c-b9f1-ff55472f0ccb,,,2016-03-11,,,,10 cloverfield lane,,,,9:50pm,9:50pm,,,Beaver Creek Stadium 12,,,
39,,,carbondale,16b50661-212b-4a14-ad07-41b64c1039ba,,friday,2016-03-11,,vicinity,thriller science fiction,10 cloverfield lane,,,,,,illinois,il,,,,
40,,,Du Quoin,5f6222f5-5f3c-49ad-b11f-63d502ef8894,,Friday,2016-03-11,A woman (Mary Elizabeth Winstead) discovers the horrifying truth about the outside world while living in an underground shelter with two men (John Goodman John Gallagher Jr,vicinity,thriller science fiction,10 cloverfield lane,,,,,,illinois,il,,,,
41,,,seattle,59b87661-a61a-44aa-997e-3aa9fca819e2,,,2016-03-11,,,,10 cloverfield lane,,,,,,,,,,,
42,,,royal oak,2c5d3d82-ffb3-4737-a2ad-e54d4b5efde5,,Thursday,2016-03-10,,,,10 cloverfield lane,,,,,,mi,mi,,,,
43,,,Madison Heights,2c5d3d82-ffb3-4737-a2ad-e54d4b5efde5,,Thursday,2016-03-10,,,,10 cloverfield lane,,,,7:00pm,7:00pm,mi,mi,AMC STAR JOHN R 15 ,amc,,48071
44,,,Madison Heights,2c5d3d82-ffb3-4737-a2ad-e54d4b5efde5,,Thursday,2016-03-10,,,,10 cloverfield lane,,,,9:45pm,9:45pm,mi,mi,AMC STAR JOHN R 15 ,amc,,48071
45,,,Madison Heights,2c5d3d82-ffb3-4737-a2ad-e54d4b5efde5,,Thursday,2016-03-10,,,,10 cloverfield lane,,,,7:00pm,7:00pm,mi,mi,AMC STAR SOUTHFIELD 20 ,amc,,48034
46,,,,cc576ea5-05ea-4b67-a233-246d1aa1ecd0,,,2016-03-24,,,,batman vs superman,,,,,,,,,,,
47,,,seattle,738a6a8a-ca2f-4341-bf5d-dbc7ccda14d4,,,2016-03-08,,,drama,the big short,,,,,,wa,wa,regal meridian sundance cinemas,,,
48,,,seattle,738a6a8a-ca2f-4341-bf5d-dbc7ccda14d4,,,2016-03-08,,,drama,the big short,,,,,,wa,wa,regal thornton place,,,
49,,,seattle,2f059cc8-ac3f-4e82-9192-0e8336bd3ba2,,tonight,2016-03-08,,,drama,the big short,,,,8:45pm,8:45pm,wa,wa,regal meridian 16,,,98101
50,,,seattle,3ef9b9d1-9cc2-4fff-a3d1-13ffc8f3bcb9,,tomorrow,2016-03-09,,,drama,the big short,,,,8:45pm,8:45pm,wa,wa,regal meridian 16,,,98101
51,,,safeco field,2f059cc8-ac3f-4e82-9192-0e8336bd3ba2,,tonight,2016-03-08,,near,drama,the big short,,,,8:45pm,8:45pm,wa,wa,regal meridian 16,,,
52,,,,98687258-793e-4711-ab88-3b03ec57415f,,tomorrow,2016-03-09,,,,creed,,,,1:00pm,1:00pm,,,Regency Academy 6,,,
53,,,LA,a20c3906-0ebb-4830-967f-467b3444ca2e,,tomorrow,2016-03-11,,,,creed,,,,705pm,7:05pm,,,pacific sherman oaks 5,,2d,
54,,,LA,a20c3906-0ebb-4830-967f-467b3444ca2e,,tomorrow,2016-03-11,,,,creed,,,,635pm,6:35pm,,,AMC La Mirada,AMC,2d,
55,,,seattle,6b3f4c5a-9c02-4c4a-995c-713fdc7d5e42,top,last weekend,2016-03-05,,,action,deadpool,,,,,,,,,,,
56,,,seattle,ae80d86b-8740-4690-98ed-ceed290046e6,84 percent,tomorrow,2016-03-09,,,action,deadpool,,rotten tomatoes,,9:00pm,9:00pm,,,amc pacific place 11,amc,,
57,ryan reynolds,,seattle,67cfcebf-3e8a-47e4-83e8-a8da18661475,84 percent,tomorrow,2016-03-09,,,action,deadpool,,rotten tomatoes,,10:00pm,10:00pm,,,amc pacific place 11,amc,,
58,,,bayou vista,af16c2d9-5c90-447f-ab2d-a4412acbfd45,,this weekend,2016-03-12,,,,deadpool,,,,,,la,la,,,,
59,,,,af16c2d9-5c90-447f-ab2d-a4412acbfd45,,Thursday,2016-03-10,,,,deadpool,,,,7pm,7:00pm,la,la,Fairview Cinema,,,
60,,,seattle,be39025e-dcc1-4093-a1aa-e7f242216c06,,tonight,2016-03-08,,,,deadpool,,,,6:10pm,6:10pm,wa,wa,AMC PACIFIC PLACE 11,,,98101
61,,,seattle,be39025e-dcc1-4093-a1aa-e7f242216c06,,tonight,2016-03-08,,,,deadpool,,,,7:20pm,7:20pm,wa,wa,AMC PACIFIC PLACE 11,amc,,98101
62,,,seattle,be39025e-dcc1-4093-a1aa-e7f242216c06,,tonight,2016-03-08,,,,deadpool,,,,8:15pm,8:15pm,wa,wa,AMC PACIFIC PLACE 11,amc,,98101
63,,,seattle,be39025e-dcc1-4093-a1aa-e7f242216c06,,tonight,2016-03-08,,,,deadpool,,,,9:00pm,9:00pm,wa,wa,AMC PACIFIC PLACE 11,amc,,98101
64,,,seattle,be39025e-dcc1-4093-a1aa-e7f242216c06,,tonight,2016-03-08,,,,deadpool,,,,10:00pm,10:00pm,wa,wa,AMC PACIFIC PLACE 11,amc,,98101
65,,,Bellevue,be39025e-dcc1-4093-a1aa-e7f242216c06,,tonight,2016-03-08,,,,deadpool,,,,6:25pm,6:25pm,wa,wa,BELLEVUE LINCOLN SQUARE CINEMAS,,,98004
66,,,Bellevue,be39025e-dcc1-4093-a1aa-e7f242216c06,,tonight,2016-03-08,,,,deadpool,,,,7:25pm,7:25pm,wa,wa,BELLEVUE LINCOLN SQUARE CINEMAS,,,98004
67,,,Bellevue,be39025e-dcc1-4093-a1aa-e7f242216c06,,tonight,2016-03-08,,,,deadpool,,,,9:20pm,9:20pm,wa,wa,BELLEVUE LINCOLN SQUARE CINEMAS,,,98004
68,,,Bellevue,be39025e-dcc1-4093-a1aa-e7f242216c06,,tonight,2016-03-08,,,,deadpool,,,,10:20pm,10:20pm,wa,wa,BELLEVUE LINCOLN SQUARE CINEMAS,,,98004
69,,,seattle,be39025e-dcc1-4093-a1aa-e7f242216c06,,tonight,2016-03-08,,,,deadpool,,,,,,wa,wa,big picture seattle,,,98121
70,,,Buford,f4a2dcbe-8860-45ba-93f6-229b59a091fe,,friday,2016-03-11,,,comedy,deadpool,,,,,,Georgia,ga,,,,
71,,,philadelphia,20e83af6-12cf-446a-bad1-9c6d57817b70,,tomorrow,2016-03-09,,,,deadpool,,,,7:30PM,7:30pm,pa,pa,The Pearl Theatre,,,19121
72,,,philadelphia,20e83af6-12cf-446a-bad1-9c6d57817b70,,tomorrow,2016-03-09,,near,,deadpool,,,,1:30pm,1:30pm,pa,pa,,,,19101
73,,,philadelphia,20e83af6-12cf-446a-bad1-9c6d57817b70,,tomorrow,2016-03-09,,near,,deadpool,,,,4:30pm,4:30pm,pa,pa,,,,19101
74,,,philadelphia,20e83af6-12cf-446a-bad1-9c6d57817b70,,tomorrow,2016-03-09,,near,,deadpool,,,,10:00pm,10:00pm,pa,pa,,,,19101
75,,,Carbondale,1d8ee5b9-a286-4d05-945f-0630ec785e0a,,tomorrow,2016-03-09,,,,deadpool,,,,2:30pm,2:30pm,illinois,il,AMC SHOWPLACE CARBONDALE,amc,,62901
76,,,Carbondale,1d8ee5b9-a286-4d05-945f-0630ec785e0a,,tomorrow,2016-03-09,,,,deadpool,,,,5:10pm,5:10pm,illinois,il,AMC SHOWPLACE CARBONDALE,amc,,62901
77,,,Carbondale,1d8ee5b9-a286-4d05-945f-0630ec785e0a,,tomorrow,2016-03-09,,,,deadpool,,,,7:45pm,7:45pm,illinois,il,AMC SHOWPLACE CARBONDALE,amc,,62901
78,,,Carbondale,1d8ee5b9-a286-4d05-945f-0630ec785e0a,,tomorrow,2016-03-09,,,,deadpool,,,,4:40pm,4:40pm,illinois,il, AMC UNIVERSITY PLACE 8,amc,,62901
79,,,Carbondale,1d8ee5b9-a286-4d05-945f-0630ec785e0a,,tomorrow,2016-03-09,,,,deadpool,,,,7:15pm,7:15pm,illinois,il, AMC UNIVERSITY PLACE 8,amc,,62901
80,,,,e3f1dba2-09df-4b0f-a111-f6abce6299f7,,tonight,2016-03-08,,near,,deadpool,,,,8:15pm,8:15pm,,,amc pacific place 11,amc,,98119
81,,,birmingham,fcc562b3-1818-4c9c-a92e-0f2e054f5275,,tonight,2016-03-09,,near,comedy,deadpool,,,,4:20pm,4:20pm,al,al,Carmike Summit 16,,,35243
82,,,birmingham,fcc562b3-1818-4c9c-a92e-0f2e054f5275,,tonight,2016-03-09,,near,comedy,deadpool,,,,2:20,2:20pm,al,al,Carmike Summit 16,,,35243
83,,,birmingham,d8f82c80-c552-4594-a232-2d6c46ef3fb6,,tonight,2016-03-12,,near,comedy,deadpool,,,,2:20,2:20pm,al,al,Carmike Summit 16,,,35243
84,,,birmingham,b93933b4-90ba-4750-b17f-270e6af7d273,,tomorrow,2016-03-10,,,,deadpool,,,,7:20pm,7:20pm,al,al,Carmike Summit 16,,,35243
85,,,birmingham,b93933b4-90ba-4750-b17f-270e6af7d273,,tomorrow,2016-03-10,,,,deadpool,,,,4:20pm,4:20pm,al,al,Carmike Summit 16,,,35243
86,,,birmingham,b93933b4-90ba-4750-b17f-270e6af7d273,,Sunday,2016-03-13,,,,deadpool,,,,2:05pm,2:05pm,al,al,Carmike Summit 16,,,35243
87,,,seattle,c8c80c17-df18-4b43-a7fd-b3c5477d88d1,,friday,2016-03-11,,,,deadpool,,,,8:10pm,8:10pm,wa,wa,AMC PACIFIC PLACE 11,amc,,98101
88,,,Johnstown,0a5ff2f0-1385-4c4e-95f6-9ebe4be9390c,,tomorrow,2016-03-09,,,,deadpool,,,,7:20PM,7:20pm,Pennsylvania,pa,RICHLAND CINEMAS,,,
89,,,Johnstown,0a5ff2f0-1385-4c4e-95f6-9ebe4be9390c,,,2016-03-09,,,,deadpool,,,,9:50 PM ,9:50pm,Pennsylvania,pa,RICHLAND CINEMAS,,,
90,,,seattle,e039dadc-92e0-4a01-b45e-fb1dd240ae18,,today,2016-03-09,,,,deadpool,,,,6pm,6:00pm,wa,wa,Big Picture,,,
91,,,seattle,e039dadc-92e0-4a01-b45e-fb1dd240ae18,,today,2016-03-09,,,,deadpool,,,,8:30pm,8:30pm,wa,wa,Big Picture,,,
92,,,royal oak,2309641d-29e3-469a-8fcc-e5d2b92c636f,,Friday,2016-03-11,,,,deadpool,,,,10:05am,10:05am,mi,mi,emagine theater,,,
93,,,royal oak,2309641d-29e3-469a-8fcc-e5d2b92c636f,,Friday,2016-03-11,,,,deadpool,,,,12:30pm,12:30pm,mi,mi,emagine theater,,,
94,,,royal oak,2309641d-29e3-469a-8fcc-e5d2b92c636f,,Friday,2016-03-11,,,,deadpool,,,,2:55pm,2:55pm,mi,mi,emagine theater,,,
95,,,royal oak,2309641d-29e3-469a-8fcc-e5d2b92c636f,,Friday,2016-03-11,,,,deadpool,,,,5:30pm,5:30pm,mi,mi,emagine theater,,,
96,,,royal oak,2309641d-29e3-469a-8fcc-e5d2b92c636f,,Friday,2016-03-11,,,,deadpool,,,,8:00pm,8:00pm,mi,mi,emagine theater,,,
97,,,royal oak,2309641d-29e3-469a-8fcc-e5d2b92c636f,,Friday,2016-03-11,,,,deadpool,,,,10:40pm,10:40pm,mi,mi,emagine theater,,,
98,,,Madison Heights,2309641d-29e3-469a-8fcc-e5d2b92c636f,,Friday,2016-03-11,,,,deadpool,,,,11:40am,11:40am,mi,mi,AMC STAR JOHN R 15,,,48071
99,,,Madison Heights,2309641d-29e3-469a-8fcc-e5d2b92c636f,,Friday,2016-03-11,,,,deadpool,,,,2:30pm,2:30pm,mi,mi,AMC STAR JOHN R 15,,,48071
100,,,Madison Heights,2309641d-29e3-469a-8fcc-e5d2b92c636f,,Friday,2016-03-11,,,,deadpool,,,,4:35pm,4:35pm,mi,mi,AMC STAR JOHN R 15,,,48071
101,,,Madison Heights,2309641d-29e3-469a-8fcc-e5d2b92c636f,,Friday,2016-03-11,,,,deadpool,,,,5:10pm,5:10pm,mi,mi,AMC STAR JOHN R 15,,,48071
102,,,Madison Heights,2309641d-29e3-469a-8fcc-e5d2b92c636f,,Friday,2016-03-11,,,,deadpool,,,,7:15pm,7:15pm,mi,mi,AMC STAR JOHN R 15,,,48071
103,,,Madison Heights,2309641d-29e3-469a-8fcc-e5d2b92c636f,,Friday,2016-03-11,,,,deadpool,,,,8:00pm,8:00pm,mi,mi,AMC STAR JOHN R 15,,,48071
104,,,Madison Heights,2309641d-29e3-469a-8fcc-e5d2b92c636f,,Friday,2016-03-11,,,,deadpool,,,,10:00pm,10:00pm,mi,mi,AMC STAR JOHN R 15,,,48071
105,,,Madison Heights,2309641d-29e3-469a-8fcc-e5d2b92c636f,,Friday,2016-03-11,,,,deadpool,,,,10:45pm,10:45pm,mi,mi,AMC STAR JOHN R 15,,,48071
106,,,arlington,1fc2880b-9531-4d01-ab68-62ae9dbaf1d9,,tonight,2016-03-11,,,,deadpool,,,,10:05,10:05pm,texas,tx,Cinemark Tinseltown 9,,,
107,,,boston,e62adbee-1280-4847-9a98-426846b76d7e,,saturday,2016-03-12,,,,deadpool,,,,8:20,8:20pm,MA,ma,AMC LOEWS BOSTON COMMON 19,AMC,,02111
108,,,los angeles,be64db44-edeb-4e54-9670-320abb7ccd3b,,tomorrow,2016-03-11,,,,deadpool,,,,8:05,8:05pm,ca,ca,Pacific Theatres,,,
109,,,visalia,76522eb0-22e3-444d-90cc-6d6802bb1b48,,,2016-03-10,,,,deadpool,,,,,,ca,ca,Regal Visalia Stadium 10,,,
110,,,Evanston,856c5979-404f-4bc3-9b1c-92c49131022e,top rated,tomorrow,2016-03-10,,,,deadpool,,,,10:45am,10:45am,IL,IL,CENTURY 12 EVANSTON/CINÃ‰ARTS 6,,,60201
111,,,Evanston,856c5979-404f-4bc3-9b1c-92c49131022e,top rated,tomorrow,2016-03-10,,,,deadpool,,,,12:00pm,12:00pm,IL,IL,CENTURY 12 EVANSTON/CINÃ‰ARTS 6,,,60201
112,,,Evanston,856c5979-404f-4bc3-9b1c-92c49131022e,top rated,tomorrow,2016-03-10,,,,deadpool,,,,2:40pm,2:40pm,IL,IL,CENTURY 12 EVANSTON/CINÃ‰ARTS 6,,,60201
113,,,Evanston,856c5979-404f-4bc3-9b1c-92c49131022e,top rated,tomorrow,2016-03-10,,,,deadpool,,,,4:05pm,4:05pm,IL,IL,CENTURY 12 EVANSTON/CINÃ‰ARTS 6,,,60201
114,,,Evanston,856c5979-404f-4bc3-9b1c-92c49131022e,top rated,tomorrow,2016-03-10,,,,deadpool,,,,5:20pm,5:20pm,IL,IL,CENTURY 12 EVANSTON/CINÃ‰ARTS 6,,,60201
115,,,Evanston,856c5979-404f-4bc3-9b1c-92c49131022e,top rated,tomorrow,2016-03-10,,,,deadpool,,,,8:00pm,8:00pm,IL,IL,CENTURY 12 EVANSTON/CINÃ‰ARTS 6,,,60201
116,,,Evanston,856c5979-404f-4bc3-9b1c-92c49131022e,top rated,tomorrow,2016-03-10,,,,deadpool,,,,10:40pm,10:40pm,IL,IL,CENTURY 12 EVANSTON/CINÃ‰ARTS 6,,,60201
117,,,Clear Lake,53e4b4b4-0b55-46f2-bcb5-2000eba844e3,,tomorrow,2016-03-11,,,action,deadpool,,,,7pm,7:00pm,IA,IA,lake theater,,,
118,,,Mason city,53e4b4b4-0b55-46f2-bcb5-2000eba844e3,,tonight,2016-03-10,,,,deadpool,,,,6:40pm,6:40pm,IA,IA,Cinema West,,,
119,,,dallas,6d3768b4-4b95-4000-864f-9fdf328d7aa4,,tonight,2016-03-10,,,,deadpool,,,,5pm,5:00pm,tx,tx,alamo draft house,,,
120,,,dallas,6d3768b4-4b95-4000-864f-9fdf328d7aa4,,tonight,2016-03-10,,,,deadpool,,,,7:55pm,7:55pm,tx,tx,alamo draft house,,,
121,,,dallas,6d3768b4-4b95-4000-864f-9fdf328d7aa4,,tonight,2016-03-10,,,,deadpool,,,,10:15pm,10:15pm,tx,tx,alamo draft house,,,
122,,,Los Angeles,da21c48d-026d-478f-b297-73dcca348f8f,,tomorrow,2016-03-11,,,,deadpool,,,,8 pm,8:00pm,ca,ca,regal live stadium 14,,,90015
123,,,hamilton,8189a79a-0d4e-4851-a370-0464f9e41c07,,tomorrow,2016-03-10,,,,deadpool,,,,7:05,7:05pm,nj,nj,AMC Hamilton 24,amc,,
124,,,Detroit,bd652411-9467-4c1c-8408-931af12211dd,,tomorrow,2016-03-11,,,,deadpool,,,,7:05,7:05,mi,mi,amc star fairlane 21,amc,,
125,,,los angeles,3c9085d6-3595-4569-a53a-713ab9f2c333,,saturday,2016-03-12,,,,deadpool,,,,12:00pm,12:00pm,ca,ca,regal la live stadium 14,amc,,
126,,,los angeles,3c9085d6-3595-4569-a53a-713ab9f2c333,,saturday,2016-03-12,,,,deadpool,,,,1:00pm,1:00pm,ca,ca,regal la live stadium 14,amc,,
127,,,los angeles,3c9085d6-3595-4569-a53a-713ab9f2c333,,saturday,2016-03-12,,,,deadpool,,,,3:00pm,3:00pm,ca,ca,regal la live stadium 14,amc,,
128,,,los angeles,3c9085d6-3595-4569-a53a-713ab9f2c333,,saturday,2016-03-12,,,,deadpool,,,,6:00pm,6:00pm,ca,ca,regal la live stadium 14,amc,,
129,,,los angeles,3c9085d6-3595-4569-a53a-713ab9f2c333,,saturday,2016-03-12,,,,deadpool,,,,7:00pm,7:00pm,ca,ca,regal la live stadium 14,amc,,
130,,,los angeles,3c9085d6-3595-4569-a53a-713ab9f2c333,,saturday,2016-03-12,,,,deadpool,,,,9:00pm,9:00pm,ca,ca,regal la live stadium 14,amc,,
131,,,los angeles,3c9085d6-3595-4569-a53a-713ab9f2c333,,saturday,2016-03-12,,,,deadpool,,,,11:40pm,11:40pm,ca,ca,regal la live stadium 14,amc,,
132,,,seattle,2f059cc8-ac3f-4e82-9192-0e8336bd3ba2,,tonight,2016-03-08,,,,eddie the eagle,,,,,,wa,wa,regal meridian 16,,,
133,,,,d60cff39-e90b-4c2e-af42-3b08dc13384b,,next Friday,2016-03-11,,,,eddie the eagle,,,,4:20pm,4:20pm,,,Century Rowland Plaza,,,94952
134,,,,d60cff39-e90b-4c2e-af42-3b08dc13384b,,next Friday,2016-03-11,,,,eddie the eagle,,,,6:55pm,6:55pm,,,Century Rowland Plaza,,,94952
135,,,,8e93ed3a-9ae1-445e-aae6-42fada6d1575,,,2016-03-08,,,drama,eddie the eagle,,,,,,,,,,,
136,,,,eebf8ebf-afd8-4412-96df-9617ba75a4bc,,tonight,2016-03-08,,,,eddie the eagle,,,,,,,,Regal Meridian 16,,,
137,,,Princeton,0df2a80f-7964-4d6f-a0d1-a33a9ba0ad84,,tomorrow,2016-03-11,,,drama,eddie the eagle,,,,6:45pm,6:45pm,nj,nj,AMC Marketfair 10,,,
138,,,Chico,470d2985-328c-49e2-b219-e68b1277ed23,,tomorrow,2016-03-10,,,drama,eddie the eagle,,,,,,,ca,,,,
139,,,,e62adbee-1280-4847-9a98-426846b76d7e,,,,,,,lolo,,,,,,,,,,,
140,,,,fa6cfa89-304f-48c2-b559-a319eec7b0dc,,,2016-06-17,,,,finding dory,,,,,,,,,,,
141,,,Bayou Vista,af16c2d9-5c90-447f-ab2d-a4412acbfd45,,this weekend,2016-03-12,Mortal hero Bek teams with the god Horus in an alliance against Set the merciless god of darkness who has usurped Egypt's throne plunging the once peaceful and prosperous empire into chaos and conflict,,action,gods of egypt,,,,,,la,la,,,,
142,,,seattle,eebf8ebf-afd8-4412-96df-9617ba75a4bc,,tonight,2016-03-08,,,action,gods of egypt,,,,,,,,regal meridian 16,,,
143,,,Birmingham,2fd4a06f-68d3-4d07-b87d-1f43bef0ca81,5,,,,,Sci-Fi,gods of egypt,,,,,,al,al,,,,
144,,,seattle,2988242b-7e27-4003-a78f-6a28eea0e227,,Friday the 10th,2016-03-11,,,Adventure ,gods of egypt,,,,7:15pm,7:15pm,,,Cinemark Lincoln Square Cinemas,,,
145,,,miami,db091bba-63ad-4017-9f2b-8276f3dd55e2,,tomorrow,2016-03-10,,,Fantasy,gods of egypt,,,,11:20,11:20am,fl,fl,CINPOLIS COCONUT GROVE,,,33133
146,,,miami,db091bba-63ad-4017-9f2b-8276f3dd55e2,,tomorrow,2016-03-10,,,Fantasy,gods of egypt,,,,12:35,12:35pm,fl,fl,COBB DOLPHIN 19,,,33172
147,,,Visalia,76522eb0-22e3-444d-90cc-6d6802bb1b48,,,2016-03-10,,,,gods of egypt,,,,,,California,ca,Regal Visalia Stadium 10,,,
148,,,Baltimore,8a65e015-2cd4-4b84-8b02-447dbb31fd4f,,Friday,2016-03-11,,,,gods of egypt,,,,3:20pm,3:20pm,Maryland,md,Cinemakr Egyptian,,3d,
149,,,Baltimore,8a65e015-2cd4-4b84-8b02-447dbb31fd4f,,Friday,2016-03-11,,,,gods of egypt,,,,9:45pm,9:45pm,Maryland,md,Cinemakr Egyptian,,3d,
150,,,Fresno,60dd54db-e6e8-48b7-8a4a-82896ebb79ca,,march 12,2016-03-12,,,action,gods of egypt,,,,,,california,ca,,,,
151,,,detroit,1c4f60ab-42eb-4563-8414-0be1a85e7b62,,tonight,2016-03-10,,,action,gods of egypt,pg-13,,,,,,mi,,,,
152,,,Sacramento,46fabf67-8c15-41ed-b1f3-f235f2674fa7,,tomorrow,2016-03-11,,,,gods of egypt,,,,8:45pm,8:45pm,california,ca,Natomas Marketplace Stadium,,standard,
153,,,Sacramento,46fabf67-8c15-41ed-b1f3-f235f2674fa7,,tomorrow,2016-03-11,,,,gods of egypt,,,,5:25pm,5:25pm,california,ca,Natomas Marketplace Stadium,,3d,
154,,,seattle,2f059cc8-ac3f-4e82-9192-0e8336bd3ba2,,tonight,2016-03-08,,,,London Has Fallen,,,,,,wa,wa,regal meridian 16,,,98101
155,,,seattle,2f059cc8-ac3f-4e82-9192-0e8336bd3ba2,,tonight,2016-03-08,,,,Whiskey Tango Foxtrot,,,,,,wa,wa,regal meridian 16,,,98101
156,,,seattle,2f059cc8-ac3f-4e82-9192-0e8336bd3ba2,,tonight,2016-03-08,,,,Zootopia,,,,,,wa,wa,regal meridian 16,,,98101
157,,,seattle,2f059cc8-ac3f-4e82-9192-0e8336bd3ba2,,tonight,2016-03-08,,,,Triple 9,,,,,,wa,wa,regal meridian 16,,,98101
158,,,seattle,2f059cc8-ac3f-4e82-9192-0e8336bd3ba2,,tonight,2016-03-08,,,thriller,The Witch,,,,,,wa,wa,regal meridian 16,,,98101
159,,,seattle,2f059cc8-ac3f-4e82-9192-0e8336bd3ba2,,tonight,2016-03-08,,,,Where to Invade Next,,,,,,wa,wa,regal meridian 16,,,98101
160,,,seattle,2f059cc8-ac3f-4e82-9192-0e8336bd3ba2,,tonight,2016-03-08,,,,Zoolander 2,,,,9:00PM,9:00pm,wa,wa,regal meridian 16,,,98101
161,,,seattle,2f059cc8-ac3f-4e82-9192-0e8336bd3ba2,,tonight,2016-03-08,,,,Hail Caesar,,,,,,wa,wa,regal meridian 16,,,98101
162,,,seattle,2f059cc8-ac3f-4e82-9192-0e8336bd3ba2,,tonight,2016-03-08,,,,Kung Fu Panda 3,,,,,,wa,wa,regal meridian 16,,,98101
163,,,seattle,2f059cc8-ac3f-4e82-9192-0e8336bd3ba2,,tonight,2016-03-08,,,,Star Wars,,,,,,wa,wa,regal meridian 16,,,98101
164,,,seattle,2f059cc8-ac3f-4e82-9192-0e8336bd3ba2,,tonight,2016-03-08,,,,The Danish Girl,,,,,,wa,wa,regal meridian 16,,,98101
165,,,seattle,40aa2972-0dfd-41f0-9549-2f9e920d2aee,,tomorrow,2016-03-09,,,,Hail Caesar,,,,8:45,8:45pm,wa,wa,regal meridian 16,,,98101
166,,,seattle,50534277-eb2e-43d2-80e9-53f43748cfa0,,tomorrow,2016-03-09,,,,Hail Caesar,,,,7:15 pm,7:15pm,wa,wa,AMC Lowes Oak Tree 6,,,
167,,,,179ce51b-82af-426d-beeb-17b414c7fe97,good,,,,,comedy,how to be single,,,,,,,,,,,
168,,,springfield,70f23439-492c-4a80-a27a-66b5cf1397f7,good,tomorrow,2016-03-09,,,romantic comedy,how to be single,,,,6:55,6:55pm,mo,mo,WEHRENBERG CAMPBELL 16,,,65807
169,,,seattle,aa516e27-a65c-4fee-b84e-b3133483ffd0,good,tonight,2016-03-08,,,romance,how to be single,,,,7:20,7:20pm,wa,wa,amc pacific place 11,amc,,98101
170,,,seattle,aa516e27-a65c-4fee-b84e-b3133483ffd0,good,tonight,2016-03-08,,,romance,how to be single,,,,10:20,10:20pm,wa,wa,amc pacific place 11,amc,,98101
171,,,Pittsburgh,ec7a0947-3df1-429c-a3a9-d6be77ce358e,,tomorrow,2016-03-09,,,comedy,how to be single,,,,10:25pm,10:25pm,pa,pa,AMC LOEWS WATERFRONT 22,amc,,
172,,,san francisco,8e94d520-5209-4e9a-8f24-44e7919b331c,,tomorrow,2016-03-10,,,,how to be single,,,,11:05 am,11:05am,ca,ca,Century Centre 9,,,
173,,,san francisco,8e94d520-5209-4e9a-8f24-44e7919b331c,,tomorrow,2016-03-10,,,,how to be single,,,,1:45pm,1:45pm,ca,ca,Century Centre 9,,,
174,,,san francisco,8e94d520-5209-4e9a-8f24-44e7919b331c,,tomorrow,2016-03-10,,,,how to be single,,,,4:30pm,4:30pm,ca,ca,Century Centre 9,,,
175,,,san francisco,8e94d520-5209-4e9a-8f24-44e7919b331c,,tomorrow,2016-03-10,,,,how to be single,,,,7:20 pm,7:20pm,ca,ca,Century Centre 9,,,
176,,,san francisco,8e94d520-5209-4e9a-8f24-44e7919b331c,,tomorrow,2016-03-10,,,,how to be single,,,,10pm,10:00pm,ca,ca,Century Centre 9,,,
177,,,san francisco,8e94d520-5209-4e9a-8f24-44e7919b331c,,tomorrow,2016-03-10,,,,how to be single,,,,11:05am,11:05am,ca,ca,Redwood City 20,,,
178,,,san francisco,8e94d520-5209-4e9a-8f24-44e7919b331c,,tomorrow,2016-03-10,,,,how to be single,,,,4:35pm,4:35pm,ca,ca,Redwood City 20,,,
179,,,Visalia,76522eb0-22e3-444d-90cc-6d6802bb1b48,,,2016-03-10,,,,how to be single,,,,,,california,ca,Regal Visalia Stadium 10,,,
180,,,,bec447a1-3033-4ee0-b426-18fdecd83990,,,,,,,independce day,,,,,,,,,,,
181,,,Monroe,2b399703-c66b-43f0-ba9a-225e1e258ee4,,tonight,2016-03-08,,,action,Kung Fu Panda 3,PG,,,,,wa,wa,regal barkley village stadium 16,,,98272
182,,,Monroe,2b399703-c66b-43f0-ba9a-225e1e258ee4,,tonight,2016-03-08,,,drama,Kung Fu Panda 3,PG,,,,,wa,wa,amc loews cascade mall,,,98272
183,,,Monroe,2b399703-c66b-43f0-ba9a-225e1e258ee4,,tonight,2016-03-08,,,comedy,Kung Fu Panda 3,PG,,,9:10,9:10pm,wa,wa,regal marysville 14,,,98272
184,,,seattle,2b831410-cf4a-4ecf-9f7d-6dba97cee339,,,2016-03-12,,,,Kung Fu Panda 3,PG,,,,,wa,wa,REGAL MERIDIAN 16,,,98101
185,,,bellevue,2b831410-cf4a-4ecf-9f7d-6dba97cee339,,,2016-03-12,,,,Kung Fu Panda 3,PG,,,,,wa,wa,BELLEVUE LINCOLN SQUARE CINEMAS,,,98004
186,,,bellevue,896f3c02-5f81-4f18-a011-6a0d99564716,,Saturday,2016-03-12,,,,Kung Fu Panda 3,,,,6:10pm,6:10pm,wa,wa,Regal Thornton Place Stadium ,,3d,
187,,,San Francisco,c31d3353-2839-4b45-b74d-8d6f3611c06b,,tomorrow,2016-03-10,,,,Kung Fu Panda 3,,,,2:25pm,2:25pm,ca,ca,amc van ness 14,,standard,
188,,,San Francisco,c31d3353-2839-4b45-b74d-8d6f3611c06b,,tomorrow,2016-03-10,,,,Kung Fu Panda 3,,,,1:30pm,1:30pm,ca,ca,century 20 daly city,,standard,
189,,,Birmingham,ee7ca75a-e7c7-4ffb-bfce-423b6e755c24,,tomorrow,2016-03-11,,,,Kung Fu Panda 3,,,,12pm,12:00pm,al,al,carmike 16,,standard,
190,,,Orlando,9cb12180-3ea3-4da9-9bff-73f1cf095ca0,,tomorrow,2016-03-11,,,,Kung Fu Panda 3,,,,1:30 pm,1:30pm,fl,fl,AMC West Oaks 14,,3d,
191,,,seattle,6b3f4c5a-9c02-4c4a-995c-713fdc7d5e42,26%,tonight,2016-03-08,,,action,london has fallen,,rotten tomatoes,,9:20 pm,9:20pm,wa,wa,REGAL MERIDIAN 16,,,98101
192,,,bellevue,6b3f4c5a-9c02-4c4a-995c-713fdc7d5e42,26%,tonight,2016-03-08,,,action,london has fallen,,rotten tomatoes,,7:00pm,7:00pm,wa,wa,BELLEVUE LINCOLN SQUARE CINEMAS,,,98004
193,,,bellevue,6b3f4c5a-9c02-4c4a-995c-713fdc7d5e42,26%,tonight,2016-03-08,,,action,london has fallen,,rotten tomatoes,,9:45pm,9:45pm,wa,wa,BELLEVUE LINCOLN SQUARE CINEMAS,,,98004
194,,,seattle,149f34f0-79f0-498a-8c35-e11b19af232f,,Wednesday,2016-03-09,,,,London Has Fallen,,,,9:45pm,9:45pm,wa,wa,AMC Southcenter 16,,,
195,,,Whittier,b87f65c2-2c90-48a5-92a3-d6eb105a36fe,,next Sunday,2016-03-13,,,,London Has Fallen,,,,1:30pm,1:30pm,ca,ca,WHITTIER VILLAGE STADIUM CINEMAS,,,90602
196,,,seattle,2f059cc8-ac3f-4e82-9192-0e8336bd3ba2,top rated,tomorrow,2016-03-09,,,,London Has Fallen,,,,9:20 PM,9:20 pm,wa,wa,regal meridian 16,,,98101
197,,,,751c4265-569c-407f-a5ea-fa6b24186d57,,saturday,2016-03-12,,,,London Has Fallen,,,,1:30PM,1:30pm,,,Whittier Village Stadium Cinemas,,,
198,,,seattle,0bd2e714-0579-4bf2-968e-cd5106a1f506,26%,tomorrow,2016-03-09,,,action,london has fallen,,rotten tomatoes,,9:20 pm,9:20pm,wa,wa,REGAL MERIDIAN 16,,,98101
199,,,Birmingham,7cda218d-7e53-4dd4-aa93-5062decc44c9,,Saturday,2016-03-12,,,,London Has Fallen,,,,1:35PM,1:35pm,al,al,CARMIKE SUMMIT 16,,,
200,,,norfolk,2e29af64-328f-42da-ac5d-212018f7b263,,March 12th,2016-03-12,,,,London Has Fallen,,,,7:10,7:10pm,virginia,va,REGAL MACARTHUR CENTER STADIUM 18,,,
201,,,norfolk,2e29af64-328f-42da-ac5d-212018f7b263,6,March 12th,2016-03-12,,,,London Has Fallen,,imdb,,,,virginia,va,RPX CINEMARK 18,,,
202,,,Birmingham,2fd4a06f-68d3-4d07-b87d-1f43bef0ca81,,Friday,2016-03-11,,,,London Has Fallen,,,,8:20 pm,8:20pm,al,al,Carmike Summit 16,,,
203,,,Norfolk,b58a47d2-539f-47e8-b8dd-66ae55235905,,,2016-03-10,,,,London Has Fallen,,,,2pm,2:00pm,va,va,Macarthur Center,,,
204,,,Visalia,76522eb0-22e3-444d-90cc-6d6802bb1b48,,,2016-03-10,,,,London Has Fallen,,,,,,california,ca,regal visalia stadium 10,,,
205,,,Visalia,76522eb0-22e3-444d-90cc-6d6802bb1b48,,,2016-03-10,,,,whiskey tango foxtrot,,,,,,california,ca,regal visalia stadium 10,,,
206,,,Visalia,60dd54db-e6e8-48b7-8a4a-82896ebb79ca,,,2016-03-12,,,,London Has Fallen,,,,2:30pm,2:30pm,california,ca,regal visalia stadium 10,,,
207,,,seattle,0e8d9dd7-95d2-499f-bcde-3b32e014edf3,,tomorrow,2016-03-09,,,drama,race,,,,10:00 pm,10:00pm,wa,wa,amc pacific place 11 theater,,,
208,,,seattle,192e8c18-b37d-4073-ad15-eaefb8c88116,,tomorrow,2016-03-09,,,drama,race,,,,4:50 pm,4:50pm,wa,wa,amc lowes oak tree 6,amc,,
209,,,,48249f21-205c-4ebf-8849-3ed9fdc5eaed,,tomorrow,2016-03-09,,,,risen,,,,11:50am,11:50am,,,regency commerce 14,,,
210,,,,48249f21-205c-4ebf-8849-3ed9fdc5eaed,,tomorrow,2016-03-09,,,,risen,,,,2:30pm,2:30pm,,,regency commerce 14,,,
211,,,,48249f21-205c-4ebf-8849-3ed9fdc5eaed,,tomorrow,2016-03-09,,,,risen,,,,5:10,5:10pm,,,regency commerce 14,,,
212,,,,48249f21-205c-4ebf-8849-3ed9fdc5eaed,,tomorrow,2016-03-09,,,,risen,,,,7:50,7:50pm,,,regency commerce 14,,,
213,,,,48249f21-205c-4ebf-8849-3ed9fdc5eaed,,tomorrow,2016-03-09,,,,risen,,,,10:25,10:25pm,,,regency commerce 14,,,
214,,,seattle,781979f3-aa8f-47a3-b69c-2926c2648db7,,tomorrow,2016-03-09,,,action,risen,,,,4:25 PM,4:25pm,wa,wa,AMC Lowes Oak Tree 6,,,
215,,,Chico,470d2985-328c-49e2-b219-e68b1277ed23,,tomorrow,2016-03-11,,,,risen,,,,,,ca,ca,Paradise Cinema 7,,,
216,,,Chico,470d2985-328c-49e2-b219-e68b1277ed23,,tomorrow,2016-03-11,,,,risen,,,,5:10pm,5:10pm,ca,ca,Cinemark 14 ,,,
217,,,Chico,470d2985-328c-49e2-b219-e68b1277ed23,,tomorrow,2016-03-11,,,,risen,,,,7:40pm,7:40pm,ca,ca,Cinemark 14 ,,,
218,,,Chico,470d2985-328c-49e2-b219-e68b1277ed23,,tomorrow,2016-03-11,,,,risen,,,,10:10pm,10:10pm,ca,ca,Cinemark 14 ,,,
219,,,seattle,2e73cd1c-db13-4510-8c36-a374ee9e0f8d,,tomorrow,2016-03-09,,,,room,,,,9:30 pm,9:30pm,wa,wa,amc pacific place 11 theater,amc,,
220,,,seattle,b7ae313f-4dea-4982-9b2b-85f37db53654,,tomorrow,2016-03-09,,,,room,,,,4:50 pm,4:50pm,wa,wa,AMC Lowes Oak Tree 6,,,
221,,,seattle,58b8fef4-f43d-4a98-ad85-8d747fd881d3,,tomorrow,2016-03-09,,,drama,Spotlight,,,,9:00 PM,9:00pm,wa,wa,Regal Meridian 16 theater,,,98101
222,,,seattle,eecb5ad2-f622-4745-ac24-9af997b6af7a,,tomorrow,2016-03-09,,,drama,Spotlight,,,,7:25 PM,7:25pm,wa,wa,AMC Lowes Oak Tree 6,amc,,98133
223,,,seattle,aa87675a-54ea-417b-8ae2-0e5dfb56c9f2,,tomorrow,2016-03-10,,,drama,Spotlight,,,,6:05,6:05pm,wa,wa,REGAL MERIDIAN 16,,,98101
224,,,portland,16b50661-212b-4a14-ad07-41b64c1039ba,,tonight,2016-03-08,,,,Star Wars,pg-13,,,9:50 pm,9:50pm,or,or,Regal Lloyd Center Century Eastport 16,,,97232
225,,,portland,26279333-2f09-4e63-afd0-248eefde08bd,,,,,,,Star Wars,pg-13,,,,,or,or,Regal Movies on TV Stadium 16,,,
226,,,portland,fca4c5f8-7980-4525-b2d0-9d6968b1ce22,,,,,,,Star Wars,pg-13,,,,,or,or,Century Eastport 16,,,
227,,,portland,fca4c5f8-7980-4525-b2d0-9d6968b1ce22,,Friday,2016-03-11,,,,Star Wars,pg-13,,,12:05,12:05pm,or,or,Living Room Theaters Regal Lloyd Center 10,,,
228,,,portland,fca4c5f8-7980-4525-b2d0-9d6968b1ce22,,Friday,2016-03-11,,,,Star Wars,pg-13,,,6:25pm,6:25pm,or,or,Living Room Theaters Regal Lloyd Center 10,,,
229,,,portland,fca4c5f8-7980-4525-b2d0-9d6968b1ce22,,Friday,2016-03-11,,,,Star Wars,pg-13,,,9:25pm,9:25pm,or,or,Living Room Theaters Regal Lloyd Center 10,,3d,
230,,,portland,fca4c5f8-7980-4525-b2d0-9d6968b1ce22,,Friday,2016-03-11,,,,Star Wars,pg-13,,,12:20pm,12:20pm,or,or,Century Eastport 16,,,
231,,,portland,fca4c5f8-7980-4525-b2d0-9d6968b1ce22,,Friday,2016-03-11,,,,Star Wars,pg-13,,,3:40,3:40pm,or,or,Century Eastport 16,,,
232,,,portland,fca4c5f8-7980-4525-b2d0-9d6968b1ce22,,Friday,2016-03-11,,,,Star Wars,pg-13,,,6:50,6:50pm,or,or,Century Eastport 16,,,
233,,,portland,fca4c5f8-7980-4525-b2d0-9d6968b1ce22,,Friday,2016-03-11,,,,Star Wars,pg-13,,,10:00,10:00pm,or,or,Century Eastport 16,,standard,
234,,,portland,e62d0172-0880-4235-a6d7-bc4957a34af8,,Friday,2016-03-11,,,,Star Wars,pg-13,,,,,or,or,Century Clackamas Town Center,,,
235,,,portland,e62d0172-0880-4235-a6d7-bc4957a34af8,,Friday,2016-03-11,,,,Star Wars,pg-13,,,,,or,or,XD,,,
236,,,portland,1f372e44-5fec-4193-941d-1c4e5a125ce7,,Saturday,2016-03-12,,,,Star Wars,pg-13,,,,,or,or,regal lloyd center 10 & IMAX ,,,
237,,,portland,1f372e44-5fec-4193-941d-1c4e5a125ce7,,Saturday,2016-03-12,,,,Star Wars,pg-13,,,12:20,12:20pm,or,or,Century Eastport 16,,,
238,,,portland,1f372e44-5fec-4193-941d-1c4e5a125ce7,,Saturday,2016-03-12,,,,Star Wars,pg-13,,,3:40,3:40pm,or,or,Century Eastport 16,,,
239,,,portland,1f372e44-5fec-4193-941d-1c4e5a125ce7,,Saturday,2016-03-12,,,,Star Wars,pg-13,,,6:50,6:50pm,or,or,Century Eastport 16,,,
240,,,portland,1f372e44-5fec-4193-941d-1c4e5a125ce7,,Saturday,2016-03-12,,,,Star Wars,pg-13,,,10pm,10pm,or,or,Century Eastport 16,,,
241,,,Baltimore,8a65e015-2cd4-4b84-8b02-447dbb31fd4f,,,2016-03-10,,,,Star Wars,pg-13,,,,,Maryland,md,,,3d,
242,,,la,9661972d-99ce-43d1-a8eb-576c6ed816c7,8%,Saturday,2016-03-12,,,,the forest,,rotten tomatoes,,7:40pm,7:40pm,ca,ca,Regency Norwalk 8,,,
243,,,la,9661972d-99ce-43d1-a8eb-576c6ed816c7,8%,Saturday,2016-03-12,,,,the forest,,rotten tomatoes,,7:20,7:20pm,ca,ca,AMC La Mirada 7,,,
244,,,chicago,fe830cb1-5bfe-4590-b7a4-3df7f5c1eb44,,,2016-03-08,,,thriller,the other side of the door,,,,,,il,il,,,,
245,,,las vegas,fb6ce50c-fa7f-4da6-8740-cae20bd9cd5f,,,2016-03-10,,,horror,the other side of the door,,,,12:05pm,12:05pm,nv,nv,SouthPoint casino,,,
246,,,las vegas,fb6ce50c-fa7f-4da6-8740-cae20bd9cd5f,,,2016-03-10,,,,the other side of the door,,,,2:40,2:40pm,nv,nv,SouthPoint casino,,,
247,,,las vegas,fb6ce50c-fa7f-4da6-8740-cae20bd9cd5f,,,2016-03-10,,,,the other side of the door,,,,5:20,5:20pm,nv,nv,SouthPoint casino,,,
248,,,las vegas,fb6ce50c-fa7f-4da6-8740-cae20bd9cd5f,,,2016-03-10,,,,the other side of the door,,,,8:05,8:05pm,nv,nv,SouthPoint casino,,,
249,,,las vegas,fb6ce50c-fa7f-4da6-8740-cae20bd9cd5f,,,2016-03-10,,,,the other side of the door,,,,10:35pm,10:35pm,nv,nv,SouthPoint casino,,,
250,,,nyc,86b949eb-1ab3-40cb-b116-2f90c287aa89,,today,2016-03-09,,,horror,the other side of the door,,,,8:40pm,8:40pm,ny,ny,UA Kaufman Astoria Stadium 14,,,
251,,,seattle,59b87661-a61a-44aa-997e-3aa9fca819e2,,friday,2016-03-11,,,,the perfect match,,,,,,wa,wa,,,,
252,,,wilmington,a67ecec8-089a-45f9-8518-d1dba94ba339,,Saturday,2016-03-12,,,,the perfect match,,,,7:35 PM,7:35pm,nc,nc,REGAL MAYFAIRE STADIUM 16 & IMAX,,,
253,,,seattle,59b87661-a61a-44aa-997e-3aa9fca819e2,,friday,2016-03-11,,,,the brothers grimsby,,,,,,wa,wa,,,,
254,,,seattle,59b87661-a61a-44aa-997e-3aa9fca819e2,,friday,2016-03-11,,,,the brothers grimsby,,,,7:00pm,7:00pm,wa,wa,AMC PACIFIC PLACE 11,,,98101
255,,,seattle,59b87661-a61a-44aa-997e-3aa9fca819e2,,friday,2016-03-11,,,,the brothers grimsby,,,,8:40pm,8:40pm,wa,wa,AMC PACIFIC PLACE 11,,,98101
256,,,seattle,59b87661-a61a-44aa-997e-3aa9fca819e2,,friday,2016-03-11,,,,the brothers grimsby,,,,9:30pm,9:30pm,wa,wa,AMC PACIFIC PLACE 11,,,98101
257,,,seattle,59b87661-a61a-44aa-997e-3aa9fca819e2,,friday,2016-03-11,,,,the brothers grimsby,,,,10:50pm,10:50pm,wa,wa,AMC PACIFIC PLACE 11,,,98101
258,,,bellevue,59b87661-a61a-44aa-997e-3aa9fca819e2,,friday,2016-03-11,,,,the brothers grimsby,,,,7:50pm,7:50pm,wa,wa,BELLEVUE LINCOLN SQUARE CINEMAS,,,98004
259,,,bellevue,59b87661-a61a-44aa-997e-3aa9fca819e2,,friday,2016-03-11,,,,the brothers grimsby,,,,10:20pm,10:20pm,wa,wa,BELLEVUE LINCOLN SQUARE CINEMAS,,,98004
260,,,miami,f81a696c-59ba-4ba6-8676-744b43e177aa,,Friday,2016-03-11,,,,the brothers grimsby,,,,7:40,7:40pm,fl,fl,Regal South Beach,,,
261,,,miami,f81a696c-59ba-4ba6-8676-744b43e177aa,,Friday,2016-03-11,,,,the brothers grimsby,,,,6:00,6:00pm,fl,fl,AMC Sunset Place 24,,,
262,,,miami,f81a696c-59ba-4ba6-8676-744b43e177aa,,Friday,2016-03-11,,,,the brothers grimsby,,,,8:30,8:30pm,fl,fl,AMC Sunset Place 24,,,
263,,,carbondale,fe830cb1-5bfe-4590-b7a4-3df7f5c1eb44,,Tuesday,2016-03-15,,,thriller,The Witch,,,,4:40 pm,4:40pm,illinois,il,AMC SHOWPLACE CARBONDALE 8,,,
264,,,seattle,40761539-bda4-4377-8925-ad3a4a06b511,,tomorrow,2016-03-09,,,thriller,The Witch,,,,9:30 PM,9:30pm,wa,wa,Regal Meridian 16,,,
265,,,chicago,fe830cb1-5bfe-4590-b7a4-3df7f5c1eb44,,,2016-03-08,,,thriller,The Witch,,,,,,il,il,,,,
266,,,,6dbc8e0e-919f-4d56-a1aa-47a176ca989b,,tomorrow,2016-03-09,,,thriller,The Witch,,,,10:35 am,10:35am,,,Cinemar Downey,,,
267,,,,6dbc8e0e-919f-4d56-a1aa-47a176ca989b,,tomorrow,2016-03-09,,,thriller,The Witch,,,,11:40 am,11:40am,,,AMC Theaters Puente Hills,,,
268,,,los angeles,be1d6e7c-52fa-4179-8730-412e950185ac,,,2016-03-08,,,thriller,The Witch,,,,8:30pm,8:30pm,,,Regal LA LIVE Stadium 14,,,
269,,,los angeles,be1d6e7c-52fa-4179-8730-412e950185ac,,,2016-03-08,,,thriller,The Witch,,,,11pm,11:00pm,,,Regal LA LIVE Stadium 14,,,
270,,,Knoxville,078842e2-66f7-44c6-add8-05d558677de7,,tomorrow,2016-03-11,,,,The Witch,,,,7:30pm,7:30pm,tn,tn,Carmike 10,,3d,
271,,,Atlanta,a96c873b-036c-45c9-9fee-3417a705b8b9,,,2016-03-15,,,horror,The Witch,,,,9:55,9:55pm,ga,ga,AMC PHIPPS PLAZA 14,,,30326
272,,,Barrington,a96c873b-036c-45c9-9fee-3417a705b8b9,,March 12th,2016-03-12,,,,The Witch,,,,6:25,6:25pm,il,il,AMC SOUTH BARRINGTON 30,,,60010
273,,,Barrington,a96c873b-036c-45c9-9fee-3417a705b8b9,,March 12th,2016-03-12,,,,The Witch,,,,9:00 pm,9:00pm,il,il,AMC SOUTH BARRINGTON 30,,,60010
274,,,Carbondale,16b50661-212b-4a14-ad07-41b64c1039ba,,Friday,2016-03-11,,,drama,the young messiah,,,,,,il,il,,,,
275,,,Carbondale,1be689ff-ab3c-4ae3-8969-b7d57098bffc,,this weekend,2016-03-12,,,drama,the young messiah,,,,,,,,,,,
276,,,Stony Brook,99302780-8073-4203-a924-767e4c5ccdc7,,Saturday,2016-03-12,,,drama,the young messiah,,,,11:05am,11:05am,ny,ny,AMC LOEWS STONY BROOK 17,,,
277,,,Stony Brook,99302780-8073-4203-a924-767e4c5ccdc7,,Saturday,2016-03-12,,,drama,the young messiah,,,,1:45pm,1:45pm,ny,ny,AMC LOEWS STONY BROOK 17,,,
278,,,Carbondale,fe830cb1-5bfe-4590-b7a4-3df7f5c1eb44,,Tuesday,2016-03-08,,,,triple 9,,,,,,il,il,,,,
279,,,seattle,408e5aca-a86e-4c81-aded-996ea3b74b60,,tomorrow,2016-03-09,,,,triple 9,,,,7:10 PM,7:10pm,wa,wa,AMC Lowes Oak Tree 6,,,
280,,,houma,b170b1f4-2551-4921-8c3e-200f1d740224,,9th,2016-03-09,,,adult comedy,whiskey tango foxtrot,,,,11:40am,11:40am,louisiana,la,AMC HOUMA PALACE 10,,,70364
281,,,houma,b170b1f4-2551-4921-8c3e-200f1d740224,,9th,2016-03-09,,,adult comedy,whiskey tango foxtrot,,,,2:15pm,2:15pm,louisiana,la,AMC HOUMA PALACE 10,,,70364
282,,,houma,b170b1f4-2551-4921-8c3e-200f1d740224,,9th,2016-03-09,,,adult comedy,whiskey tango foxtrot,,,,5:00pm,5:00pm,louisiana,la,AMC HOUMA PALACE 10,,,70364
283,,,houma,b170b1f4-2551-4921-8c3e-200f1d740224,,9th,2016-03-09,,,adult comedy,whiskey tango foxtrot,,,,7:40pm,7:40pm,louisiana,la,AMC HOUMA PALACE 10,,,70364
284,,,seattle,6b3f4c5a-9c02-4c4a-995c-713fdc7d5e42,top,,,,,,whiskey tango foxtrot,,,,,,wa,wa,,,,
285,,Tina Fey,Bayou Vista,af16c2d9-5c90-447f-ab2d-a4412acbfd45,,this weekend,2016-03-12,,,,whiskey tango foxtrot,R,,,,,la,la,,,,
286,,Tina Fey,Buford,f4a2dcbe-8860-45ba-93f6-229b59a091fe,,Friday,2016-03-11,,,,whiskey tango foxtrot,R,,,10:40pm,10:40pm,Georgia,ga,mall of georgia movie theater,,,
287,,,seattle,482633d1-5c54-44ab-b878-aa4b82607810,,soonest upcoming showing,2016-03-08,,,comedy,whiskey tango foxtrot,,,,9:00PM,9:00pm,wa,wa,regal meridian 16,,,
288,,,Altoona,0839f1f9-24c5-446a-a065-6f7775642fc4,,Wednesday,2016-03-09,,,,whiskey tango foxtrot,,,,5PM,5pm,Pennsylvania,pa,CARMIKE 12,,,
289,,,Altoona,0839f1f9-24c5-446a-a065-6f7775642fc4,,Wednesday,2016-03-09,,,,whiskey tango foxtrot,,,,7:40PM,7:40pm,Pennsylvania,pa,CARMIKE 12,,,
290,,,miami,31bb4b13-8467-4e56-9f07-6a2b01930996,,tonight,2016-03-09,,,,whiskey tango foxtrot,,,,10:20pm,10:20pm,fl,fl,Regal South Beach,,,
291,,,miami,31bb4b13-8467-4e56-9f07-6a2b01930996,,tonight,2016-03-09,,,,whiskey tango foxtrot,,,,8:25pm,8:25pm,fl,fl,Cinepolis USA,,,
292,,,miami,31bb4b13-8467-4e56-9f07-6a2b01930996,,tonight,2016-03-09,,,,whiskey tango foxtrot,,,,9:05pm,9:05pm,fl,fl,Cobb Dolphin Cinemas,,,
293,,,albany,a4ab33ee-8b94-4182-a048-2ae749af61ec,,soonest,2016-03-09,,,,whiskey tango foxtrot,,,,12:40pm,12:40pm,ny,ny,Regal Clifton Park Stadium,,,
294,,,,f04ca2ab-4b2f-4666-b089-5df285a98fdc,,,2016-03-09,,,comedy,whiskey tango foxtrot,,,,1:55,1:55pm,,,NCG Eastwood Cinemas,,,
295,,,,f04ca2ab-4b2f-4666-b089-5df285a98fdc,,,2016-03-09,,,comedy,whiskey tango foxtrot,,,,4:25,4:25pm,,,NCG Eastwood Cinemas,,,
296,,,,3b1ba75b-2d8b-48af-9492-6f6d7e7164d8,,Friday,2016-03-11,,,comedy,whiskey tango foxtrot,,,,7:25,7:25pm,,,Mesa Grand 24,,,
297,,,,3b1ba75b-2d8b-48af-9492-6f6d7e7164d8,,Friday,2016-03-11,,,comedy,whiskey tango foxtrot,,,,10:30,10:30pm,,,Mesa Grand 24,,,
298,,,,57c0513b-0447-4a1e-8d60-ca7874252ac4,,March 11th,2016-03-11,,,,whiskey tango foxtrot,,,,7:10 pm,7:10pm,,,SIFF Cinema Uptown,,,
299,,,,57c0513b-0447-4a1e-8d60-ca7874252ac4,,March 11th,2016-03-11,,,,whiskey tango foxtrot,,,,7:15,7:15pm,,,Ark Lodge Cinemas,,,
300,,,,57c0513b-0447-4a1e-8d60-ca7874252ac4,,March 11th,2016-03-11,,,,whiskey tango foxtrot,,,,7:15pm,7:15pm,,,Regal Crossroads,,,
301,,,portland,dc704595-b3c4-4464-b61d-b80e5dc1030c,,Saturday,2016-03-12,,,,whiskey tango foxtrot,,,,6:45,6:45pm,or,or,Regal Fox Tower Stadium 10,,,
302,,,Visalia,76522eb0-22e3-444d-90cc-6d6802bb1b48,,Saturday,2016-03-12,,,,whiskey tango foxtrot,,,,12:35pm,12:35pm,california,ca,Regal Visalia Stadium 10,,,
303,,,Visalia,76522eb0-22e3-444d-90cc-6d6802bb1b48,,Saturday,2016-03-12,,,,whiskey tango foxtrot,,,,4:05pm,4:05pm,california,ca,Regal Visalia Stadium 10,,,
304,,,Visalia,76522eb0-22e3-444d-90cc-6d6802bb1b48,,Saturday,2016-03-12,,,,whiskey tango foxtrot,,,,7:05pm,7:05pm,california,ca,Regal Visalia Stadium 10,,,
305,,,Visalia,76522eb0-22e3-444d-90cc-6d6802bb1b48,,Saturday,2016-03-12,,,,whiskey tango foxtrot,,,,9:55pm,9:55pm,california,ca,Regal Visalia Stadium 10,,,
306,,,hamilton,76522eb0-22e3-444d-90cc-6d6802bb1b48,top,tomorrow,2016-03-10,,,,whiskey tango foxtrot,,,,,,nj,nj,,,,
307,,,seattle,07a47ee8-297b-48ab-a83d-772ce51755cb,,,2016-03-08,,,comedy,zoolander 2,,cheapest,,2:00pm,2:00pm,wa,wa,regal meridian 16,,,98101
308,,,seattle,07a47ee8-297b-48ab-a83d-772ce51755cb,,,2016-03-08,,,comedy,zoolander 2,,cheapest,,4:30pm,4:30pm,wa,wa,regal meridian 16,,,98101
309,,,seattle,07a47ee8-297b-48ab-a83d-772ce51755cb,,,2016-03-08,,,comedy,zoolander 2,,cheapest,,7:00pm,7:00pm,wa,wa,regal meridian 16,,,98101
310,,,seattle,07a47ee8-297b-48ab-a83d-772ce51755cb,,,2016-03-08,,,comedy,zoolander 2,,cheapest,,9:25pm,9:25pm,wa,wa,regal meridian 16,,,98101
311,,,seattle,5cac12bc-413e-48dc-8704-01aea558bf9b,,tomorrow,2016-03-09,,,comedy,zoolander 2,,cheapest,,9:25pm,9:25pm,wa,wa,regal meridian 16,,,98101
312,,,seattle,b58a47d2-539f-47e8-b8dd-66ae55235905,,,2016-03-15,,,comedy,zoolander 2,,cheapest,,9:30pm,9:30pm,wa,wa,regal meridian 16,,,98101
313,,,seattle,6b3f4c5a-9c02-4c4a-995c-713fdc7d5e42,top,last weekend,2016-03-05,,,comedy,Zootopia,pg,,,,,,,,,,
314,,,seattle,62a0064b-4c81-4199-a2e1-647bc8a7ec6b,,,2016-03-08,,,comedy,Zootopia,pg,,,5:20,5:20pm,wa,wa,regal meridian 16,,,98101
315,,,seattle,62a0064b-4c81-4199-a2e1-647bc8a7ec6b,,tonight,2016-03-08,,,comedy,Zootopia,pg,,,6:30pm,6:30pm,wa,wa,regal meridian 16,,,98101
316,,,seattle,62a0064b-4c81-4199-a2e1-647bc8a7ec6b,number 1,tonight,2016-03-08,,,comedy,Zootopia,pg,,,8:40pm,8:40pm,wa,wa,regal meridian 16,,regular,98101
317,,,seattle,62a0064b-4c81-4199-a2e1-647bc8a7ec6b,number 1,tonight,2016-03-08,,,comedy,Zootopia,pg,,,8:00pm,8:00pm,wa,wa,regal meridian 16,,3d,98101
318,,,bellevue,62a0064b-4c81-4199-a2e1-647bc8a7ec6b,number 1,,2016-03-08,,,comedy,Zootopia,pg,,,4:10,4:10pm,wa,wa,bellevue lincoln square cinemas,,,98004
319,,,bellevue,62a0064b-4c81-4199-a2e1-647bc8a7ec6b,number 1,tonight,2016-03-08,,,comedy,Zootopia,pg,,,7:00pm,7:00pm,wa,wa,bellevue lincoln square cinemas,,,98004
320,,,bellevue,379229ca-bb32-445b-b7f2-acf277dda052,number 1,tomorrow,2016-03-09,,,comedy,Zootopia,pg,,,12:00,12:00pm,wa,wa,Regal Meridian,,,
321,,,bellevue,379229ca-bb32-445b-b7f2-acf277dda052,number 1,tomorrow,2016-03-09,,,comedy,Zootopia,pg,,,1:10,1:10pm,wa,wa,Regal Meridian,,,
322,,,bellevue,379229ca-bb32-445b-b7f2-acf277dda052,number 1,tomorrow,2016-03-09,,,comedy,Zootopia,pg,,,2:40,2:40pm,wa,wa,Regal Meridian,,,
323,,,bellevue,379229ca-bb32-445b-b7f2-acf277dda052,number 1,tomorrow,2016-03-09,,,comedy,Zootopia,pg,,,3:50,3:50pm,wa,wa,Regal Meridian,,,
324,,,bellevue,62a0064b-4c81-4199-a2e1-647bc8a7ec6b,number 1,tonight,2016-03-08,,,comedy,Zootopia,pg,,,9:50pm,9:50pm,wa,wa,bellevue lincoln square cinemas,,,98004
325,,,seattle,a9066c3e-0bb5-4179-90f5-5acb615326ee,,tomorrow,2016-03-09,,,comedy,Zootopia,pg,,,5:00 pm,5:00pm,wa,wa,AMC Elmwood Palace 20,,,
326,,,bellevue,6d08c795-6258-4892-968d-c41ca29cb41b,number 1,this weekend,2016-03-12,,,comedy,Zootopia,pg,,,10:00am,10:00am,wa,wa,bellevue lincoln square cinemas,,,98004
327,,,bellevue,6d08c795-6258-4892-968d-c41ca29cb41b,number 1,this weekend,2016-03-12,,,comedy,Zootopia,pg,,,11:30am,11:30am,wa,wa,bellevue lincoln square cinemas,,,98004
328,,,bellevue,6d08c795-6258-4892-968d-c41ca29cb41b,number 1,this weekend,2016-03-12,,,comedy,Zootopia,pg,,,1:05pm,1:05pm,wa,wa,bellevue lincoln square cinemas,,,98004
329,,,bellevue,6d08c795-6258-4892-968d-c41ca29cb41b,number 1,this weekend,2016-03-12,,,comedy,Zootopia,pg,,,2:35pm,2:35pm,wa,wa,bellevue lincoln square cinemas,,,98004
330,,,bellevue,6d08c795-6258-4892-968d-c41ca29cb41b,number 1,this weekend,2016-03-12,,,comedy,Zootopia,pg,,,4:10pm,4:10pm,wa,wa,bellevue lincoln square cinemas,,,98004
331,,,bellevue,6d08c795-6258-4892-968d-c41ca29cb41b,number 1,this weekend,2016-03-12,,,comedy,Zootopia,pg,,,5:40pm,5:40pm,wa,wa,bellevue lincoln square cinemas,,,98004
332,,,bellevue,6d08c795-6258-4892-968d-c41ca29cb41b,number 1,this weekend,2016-03-12,,,comedy,Zootopia,pg,,,7:05pm,7:05pm,wa,wa,bellevue lincoln square cinemas,,,98004
333,,,bellevue,6d08c795-6258-4892-968d-c41ca29cb41b,number 1,this weekend,2016-03-12,,,comedy,Zootopia,pg,,,8:35pm,8:35pm,wa,wa,bellevue lincoln square cinemas,,,98004
334,,,bellevue,6d08c795-6258-4892-968d-c41ca29cb41b,number 1,this weekend,2016-03-12,,,comedy,Zootopia,pg,,,9:55pm,9:55pm,wa,wa,bellevue lincoln square cinemas,,,98004
335,,,seattle,6d08c795-6258-4892-968d-c41ca29cb41b,,this weekend,2016-03-12,,,,Zootopia,pg,,,11:45am,11:45am,wa,wa,PACIFIC SCIENCE CENTER IMAX THEATERS,,,98109
336,,,seattle,6d08c795-6258-4892-968d-c41ca29cb41b,,this weekend,2016-03-12,,,,Zootopia,pg,,,2:15pm,2:15pm,wa,wa,PACIFIC SCIENCE CENTER IMAX THEATERS,,,98109
337,,,seattle,6d08c795-6258-4892-968d-c41ca29cb41b,,this weekend,2016-03-12,,,,Zootopia,pg,,,4:30pm,4:30pm,wa,wa,PACIFIC SCIENCE CENTER IMAX THEATERS,,,98109
338,,,seattle,6d08c795-6258-4892-968d-c41ca29cb41b,,this weekend,2016-03-12,,,animated,Zootopia,pg,,,7:00pm,7:00pm,wa,wa,PACIFIC SCIENCE CENTER IMAX THEATERS,,,98109
339,,,Buford,f4a2dcbe-8860-45ba-93f6-229b59a091fe,,friday,2016-03-11,,,comedy,Zootopia,pg,,,,,Georgia,ga,,,,
340,,,seattle,9bf116b5-3e1b-4cce-ad37-adb7238784be,,tonight,2016-03-08,,,comedy,Zootopia,pg,,,,,wa,wa,varsity theater,,,
341,,,bellevue,9bf116b5-3e1b-4cce-ad37-adb7238784be,,tomorrow,2016-03-09,,,comedy,Zootopia,pg,,,7:30,7:30pm,wa,wa,bellevue lincoln square cinemas,,3d,98004
342,,,bellevue,9bf116b5-3e1b-4cce-ad37-adb7238784be,,tomorrow,2016-03-09,,,comedy,Zootopia,pg,,,7:00,7:00pm,wa,wa,bellevue lincoln square cinemas,,regular,98004
343,,,seattle,eb5e4094-0110-4672-bc7c-4c8c05c12bd5,,tomorrow,2016-03-09,,,comedy,Zootopia,pg,,,9:10 pm,9:10pm,wa,wa,regal meridian 16,,3d,98101
344,,,bellevue,eb5e4094-0110-4672-bc7c-4c8c05c12bd5,4.5/5,tonight,2016-03-08,,,,Zootopia,pg,,,,,wa,wa,bellevue lincoln square cinemas,,,98004
345,,,st louis,ae8d13cb-70b1-445f-b7d3-36dd5eeda4f0,,Thursday,2016-03-10,,,,Zootopia,pg,,,11:00am,11:00am,,,Chase Park Plaza Cinemas,,,
346,,,st louis,ae8d13cb-70b1-445f-b7d3-36dd5eeda4f0,,Thursday,2016-03-10,,,,Zootopia,pg,,,1:30pm,1:30pm,,,Chase Park Plaza Cinemas,,,
347,,,st louis,ae8d13cb-70b1-445f-b7d3-36dd5eeda4f0,,Thursday,2016-03-10,,,,Zootopia,pg,,,4:00pm,4:00pm,,,Chase Park Plaza Cinemas,,,
348,,,birmingham,2f3f1c57-a2e4-4eef-9845-0802cf62455e,,Saturday,2016-03-12,,,,Zootopia,pg,,,10:00am,10:00am,al,al,carmike summit 16,,,35243
349,,,birmingham,2f3f1c57-a2e4-4eef-9845-0802cf62455e,,Saturday,2016-03-12,,,,Zootopia,pg,,,10:45am,10:45am,al,al,carmike summit 16,,,35243
350,,,birmingham,2f3f1c57-a2e4-4eef-9845-0802cf62455e,,Saturday,2016-03-12,,,,Zootopia,pg,,,11:15am,11:15am,al,al,carmike summit 16,,,35243
351,,,birmingham,2f3f1c57-a2e4-4eef-9845-0802cf62455e,,Saturday,2016-03-12,,,,Zootopia,pg,,,1:00pm,1:00pm,al,al,carmike summit 16,,,35243
352,,,birmingham,2f3f1c57-a2e4-4eef-9845-0802cf62455e,,Saturday,2016-03-12,,,,Zootopia,pg,,,1:45pm,1:45pm,al,al,carmike summit 16,,,35243
353,,,birmingham,2f3f1c57-a2e4-4eef-9845-0802cf62455e,,Saturday,2016-03-12,,,,Zootopia,pg,,,2:15pm,2:15pm,al,al,carmike summit 16,,,35243
354,,,birmingham,2f3f1c57-a2e4-4eef-9845-0802cf62455e,,Saturday,2016-03-12,,,,Zootopia,pg,,,4:00pm,4:00pm,al,al,carmike summit 16,,,35243
355,,,birmingham,2f3f1c57-a2e4-4eef-9845-0802cf62455e,,Saturday,2016-03-12,,,,Zootopia,pg,,,4:45pm,4:45pm,al,al,carmike summit 16,,,35243
356,,,birmingham,2f3f1c57-a2e4-4eef-9845-0802cf62455e,,Saturday,2016-03-12,,,,Zootopia,pg,,,5:15pm,5:15pm,al,al,carmike summit 16,,,35243
357,,,birmingham,2f3f1c57-a2e4-4eef-9845-0802cf62455e,,Saturday,2016-03-12,,,,Zootopia,pg,,,6:45pm,6:45pm,al,al,carmike summit 16,,,35243
358,,,birmingham,2f3f1c57-a2e4-4eef-9845-0802cf62455e,,Saturday,2016-03-12,,,,Zootopia,pg,,,7:30pm,7:30pm,al,al,carmike summit 16,,,35243
359,,,birmingham,2f3f1c57-a2e4-4eef-9845-0802cf62455e,,Saturday,2016-03-12,,,,Zootopia,pg,,,9:30pm,9:30pm,al,al,carmike summit 16,,,35243
360,,,birmingham,2f3f1c57-a2e4-4eef-9845-0802cf62455e,,Saturday,2016-03-12,,,,Zootopia,pg,,,10:30pm,10:30pm,al,al,carmike summit 16,,,35243
361,,,hoover,2f3f1c57-a2e4-4eef-9845-0802cf62455e,,Saturday,2016-03-12,,,,Zootopia,pg,,,10:05am,10:05am,al,al,carmike patton creek,,,35244
362,,,hoover,2f3f1c57-a2e4-4eef-9845-0802cf62455e,,Saturday,2016-03-12,,,,Zootopia,pg,,,11:00am,11:00am,al,al,carmike patton creek,,,35244
363,,,hoover,2f3f1c57-a2e4-4eef-9845-0802cf62455e,,Saturday,2016-03-12,,,,Zootopia,pg,,,1:05pm,1:05pm,al,al,carmike patton creek,,,35244
364,,,hoover,2f3f1c57-a2e4-4eef-9845-0802cf62455e,,Saturday,2016-03-12,,,,Zootopia,pg,,,2:00pm,2:00pm,al,al,carmike patton creek,,,35244
365,,,hoover,2f3f1c57-a2e4-4eef-9845-0802cf62455e,,Saturday,2016-03-12,,,,Zootopia,pg,,,4:05pm,4:05pm,al,al,carmike patton creek,,,35244
366,,,hoover,2f3f1c57-a2e4-4eef-9845-0802cf62455e,,Saturday,2016-03-12,,,,Zootopia,pg,,,4:50pm,4:50pm,al,al,carmike patton creek,,,35244
367,,,hoover,2f3f1c57-a2e4-4eef-9845-0802cf62455e,,Saturday,2016-03-12,,,,Zootopia,pg,,,6:45pm,6:45pm,al,al,carmike patton creek,,,35244
368,,,hoover,2f3f1c57-a2e4-4eef-9845-0802cf62455e,,Saturday,2016-03-12,,,,Zootopia,pg,,,7:45pm,7:45pm,al,al,carmike patton creek,,,35244
369,,,hoover,2f3f1c57-a2e4-4eef-9845-0802cf62455e,,Saturday,2016-03-12,,,,Zootopia,pg,,,9:30pm,9:30pm,al,al,carmike patton creek,,,35244
370,,,hoover,2f3f1c57-a2e4-4eef-9845-0802cf62455e,,Saturday,2016-03-12,,,,Zootopia,pg,,,10:30pm,10:30pm,al,al,carmike patton creek,,,35244
371,,,seattle,62a0064b-4c81-4199-a2e1-647bc8a7ec6b,,tonight,2016-03-09,,,comedy,Zootopia,pg,,,9:10 PM,9:10pm,wa,wa,regal meridian 16,,,98101
372,,,seattle,83adb592-fa6e-4a34-a191-b3e81cfc4572,,tonight,2016-03-09,,,comedy,Zootopia,pg,,,8:40PM,8:40pm,wa,wa,regal meridian 16,,,98101
373,,,seattle,fa29bdbc-f914-4796-a2d7-79e45b3102c0,,tomorrow,2016-03-09,,,,Zootopia,pg,,,,,wa,wa,Pacific Science Center IMAX Theaters,,,
374,,,Des Moines,f48ab6ff-27c8-4af1-b726-5d6eea33846c,,,2016-03-08,,,,Zootopia,,,,,,iowa,ia,,,,
375,,,,829f7f20-639f-407f-a7bb-6d8a232eeecd,,,,,,,Zootopia,,,,5:00 pm,5:00pm,,,AMC Elmwood Palace 20,,,
376,,,johnstown,29a2f6dd-086c-456c-9c43-d80b19964803,,tomorrow,2016-03-10,,,,Zootopia,,,,2:45pm,2:45pm,Pennsylvania,pa,Richland Cinemas,,2d,
377,,,johnstown,29a2f6dd-086c-456c-9c43-d80b19964803,,tomorrow,2016-03-10,,,,Zootopia,,,,1:15pm,1:15pm,Pennsylvania,pa,Richland Cinemas,,3d,
378,,,,a17a59c8-351a-4817-8374-0359163b888f,,,2016-03-10,,,,Zootopia,,,,1:30,1:30pm,,,CARMIKE LEE BRANCH 15,,,
379,,,,a17a59c8-351a-4817-8374-0359163b888f,,,2016-03-10,,,,Zootopia,,,,4:00,4:00pm,,,CARMIKE LEE BRANCH 15,,,
380,,,hamilton,e34f59d8-6be9-4e3a-b571-ffcc4f807e9f,,tomorrow,2016-03-10,,,,Zootopia,,,,10:30am,10:30am,nj,nj,MANVILLE 12 PLEX ,,,08835
381,,,hamilton,e34f59d8-6be9-4e3a-b571-ffcc4f807e9f,,tomorrow,2016-03-10,,,,Zootopia,,,,11:10am,11:10am,nj,nj,MANVILLE 12 PLEX ,,,08835
382,,,hamilton,e34f59d8-6be9-4e3a-b571-ffcc4f807e9f,,tomorrow,2016-03-10,,,,Zootopia,,,,1:10pm,1:10pm,nj,nj,MANVILLE 12 PLEX ,,,08835
383,,,hamilton,e34f59d8-6be9-4e3a-b571-ffcc4f807e9f,,tomorrow,2016-03-10,,,,Zootopia,,,,1:50pm,1:50pm,nj,nj,MANVILLE 12 PLEX ,,,08835
384,,,hamilton,e34f59d8-6be9-4e3a-b571-ffcc4f807e9f,,tomorrow,2016-03-10,,,,Zootopia,,,,3:45pm,3:45pm,nj,nj,MANVILLE 12 PLEX ,,,08835
385,,,hamilton,e34f59d8-6be9-4e3a-b571-ffcc4f807e9f,,tomorrow,2016-03-10,,,,Zootopia,,,,4:30pm,4:30pm,nj,nj,MANVILLE 12 PLEX ,,,08835
386,,,hamilton,e34f59d8-6be9-4e3a-b571-ffcc4f807e9f,,tomorrow,2016-03-10,,,,Zootopia,,,,5:20pm,5:20pm,nj,nj,MANVILLE 12 PLEX ,,,08835
387,,,hamilton,e34f59d8-6be9-4e3a-b571-ffcc4f807e9f,,tomorrow,2016-03-10,,,,Zootopia,,,,6:30pm,6:30pm,nj,nj,MANVILLE 12 PLEX ,,,08835
388,,,hamilton,e34f59d8-6be9-4e3a-b571-ffcc4f807e9f,,tomorrow,2016-03-10,,,,Zootopia,,,,7:15pm,7:15pm,nj,nj,MANVILLE 12 PLEX ,,,08835
389,,,hamilton,e34f59d8-6be9-4e3a-b571-ffcc4f807e9f,,tomorrow,2016-03-10,,,,Zootopia,,,,9:10pm,9:10pm,nj,nj,MANVILLE 12 PLEX ,,,08835
390,,,hamilton,e34f59d8-6be9-4e3a-b571-ffcc4f807e9f,,tomorrow,2016-03-10,,,,Zootopia,,,,10:30pm,10:30pm,nj,nj,MANVILLE 12 PLEX ,,,08835
391,,,hamilton,e34f59d8-6be9-4e3a-b571-ffcc4f807e9f,,tomorrow,2016-03-10,,,,Zootopia,,,,12:30pm,12:30pm,nj,nj,AMC DINE-IN THEATRES BRIDGEWATER,,,08807
392,,,hamilton,e34f59d8-6be9-4e3a-b571-ffcc4f807e9f,,tomorrow,2016-03-10,,,,Zootopia,,,,9:30pm,9:30pm,nj,nj,AMC DINE-IN THEATRES BRIDGEWATER,,,08807
393,,,las vegas,140cb755-c345-43a5-b21a-43c00b4a67d1,,tomorrow,2016-03-10,,,,Zootopia,,,,1:30,1:30pm,nv,nv,Regal Colonnade 14,,3d,
